"","listcsv"
"1","a.csv"
"2","aap.csv"
"3","aav.csv"
"4","ab.csv"
"5","abc.csv"
"6","abe.csv"
"7","abev.csv"
"8","abg.csv"
"9","abm.csv"
"10","abr.csv"
"11","abx.csv"
"12","acc.csv"
"13","ach.csv"
"14","acn.csv"
"15","acu.csv"
"16","acy.csv"
"17","adc.csv"
"18","adm.csv"
"19","ads.csv"
"20","adx.csv"
"21","ae.csv"
"22","aee.csv"
"23","aeg.csv"
"24","ael.csv"
"25","aem.csv"
"26","aeo.csv"
"27","aep.csv"
"28","aes.csv"
"29","aet.csv"
"30","afb.csv"
"31","afg.csv"
"32","afl.csv"
"33","agco.csv"
"34","agm.csv"
"35","agn.csv"
"36","ago.csv"
"37","agx.csv"
"38","ahl.csv"
"39","aht.csv"
"40","ai.csv"
"41","aig.csv"
"42","ain.csv"
"43","airi.csv"
"44","ait.csv"
"45","aiv.csv"
"46","aiz.csv"
"47","ajg.csv"
"48","ajrd.csv"
"49","akp.csv"
"50","akr.csv"
"51","aks.csv"
"52","alb.csv"
"53","ale.csv"
"54","alg.csv"
"55","alk.csv"
"56","all.csv"
"57","alv.csv"
"58","alx.csv"
"59","ame.csv"
"60","amg.csv"
"61","amn.csv"
"62","amov.csv"
"63","ams.csv"
"64","amt.csv"
"65","amx.csv"
"66","an.csv"
"67","andv.csv"
"68","anf.csv"
"69","anh.csv"
"70","antm.csv"
"71","aoi.csv"
"72","aon.csv"
"73","aos.csv"
"74","ap.csv"
"75","apa.csv"
"76","apb.csv"
"77","apc.csv"
"78","apd.csv"
"79","apf.csv"
"80","aph.csv"
"81","apt.csv"
"82","apu.csv"
"83","are.csv"
"84","arl.csv"
"85","arnc.csv"
"86","arw.csv"
"87","asa.csv"
"88","asb.csv"
"89","asg.csv"
"90","asgn.csv"
"91","ash.csv"
"92","asr.csv"
"93","asx.csv"
"94","atge.csv"
"95","ati.csv"
"96","ato.csv"
"97","atr.csv"
"98","atu.csv"
"99","au.csv"
"100","auo.csv"
"101","auy.csv"
"102","ava.csv"
"103","avb.csv"
"104","avd.csv"
"105","avk.csv"
"106","avp.csv"
"107","avt.csv"
"108","avx.csv"
"109","avy.csv"
"110","awf.csv"
"111","awr.csv"
"112","awx.csv"
"113","axe.csv"
"114","axl.csv"
"115","axp.csv"
"116","axr.csv"
"117","axs.csv"
"118","ayi.csv"
"119","azn.csv"
"120","azo.csv"
"121","azz.csv"
"122","b.csv"
"123","ba.csv"
"124","bac.csv"
"125","baf.csv"
"126","bak.csv"
"127","bam.csv"
"128","banc.csv"
"129","bap.csv"
"130","bax.csv"
"131","bb.csv"
"132","bbd.csv"
"133","bbf.csv"
"134","bbg.csv"
"135","bbk.csv"
"136","bbl.csv"
"137","bbt.csv"
"138","bbva.csv"
"139","bbw.csv"
"140","bby.csv"
"141","bc.csv"
"142","bce.csv"
"143","bch.csv"
"144","bco.csv"
"145","bcs.csv"
"146","bcv.csv"
"147","bdc.csv"
"148","bdl.csv"
"149","bdn.csv"
"150","bdr.csv"
"151","bdx.csv"
"152","bel.csv"
"153","ben.csv"
"154","bfk.csv"
"155","bfo.csv"
"156","bfr.csv"
"157","bfs.csv"
"158","bfy.csv"
"159","bfz.csv"
"160","bg.csv"
"161","bgc.csv"
"162","bgg.csv"
"163","bgr.csv"
"164","bgt.csv"
"165","bh.csv"
"166","bhb.csv"
"167","bhe.csv"
"168","bhk.csv"
"169","bhlb.csv"
"170","bhp.csv"
"171","bhv.csv"
"172","bid.csv"
"173","bif.csv"
"174","big.csv"
"175","bio.csv"
"176","bjz.csv"
"177","bk.csv"
"178","bke.csv"
"179","bkh.csv"
"180","bki.csv"
"181","bkk.csv"
"182","bkn.csv"
"183","bks.csv"
"184","bkt.csv"
"185","ble.csv"
"186","blh.csv"
"187","blj.csv"
"188","blk.csv"
"189","bll.csv"
"190","blw.csv"
"191","blx.csv"
"192","bmi.csv"
"193","bmo.csv"
"194","bms.csv"
"195","bmy.csv"
"196","bnj.csv"
"197","bns.csv"
"198","bny.csv"
"199","boh.csv"
"200","bp.csv"
"201","bpk.csv"
"202","bpl.csv"
"203","bpt.csv"
"204","bqh.csv"
"205","brc.csv"
"206","brfs.csv"
"207","brk.a.csv"
"208","brk.b.csv"
"209","brn.csv"
"210","bro.csv"
"211","brs.csv"
"212","brt.csv"
"213","bsac.csv"
"214","bsd.csv"
"215","bse.csv"
"216","bsx.csv"
"217","bt.csv"
"218","bti.csv"
"219","btn.csv"
"220","bto.csv"
"221","btx.csv"
"222","bvn.csv"
"223","bvx.csv"
"224","bwa.csv"
"225","bxc.csv"
"226","bxmt.csv"
"227","bxmx.csv"
"228","bxp.csv"
"229","bxs.csv"
"230","byd.csv"
"231","bym.csv"
"232","bzh.csv"
"233","bzm.csv"
"234","c.csv"
"235","caci.csv"
"236","cae.csv"
"237","cag.csv"
"238","cah.csv"
"239","caj.csv"
"240","cal.csv"
"241","cat.csv"
"242","cato.csv"
"243","caw.csv"
"244","cb.csv"
"245","cbb.csv"
"246","cbd.csv"
"247","cbg.csv"
"248","cbi.csv"
"249","cbk.csv"
"250","cbl.csv"
"251","cbm.csv"
"252","cbt.csv"
"253","cbu.csv"
"254","cbz.csv"
"255","cca.csv"
"256","ccc.csv"
"257","cce.csv"
"258","ccf.csv"
"259","cci.csv"
"260","ccj.csv"
"261","cck.csv"
"262","ccl.csv"
"263","ccu.csv"
"264","cde.csv"
"265","cdor.csv"
"266","cdr.csv"
"267","cea.csv"
"268","cee.csv"
"269","ceo.csv"
"270","ceqp.csv"
"271","cet.csv"
"272","cev.csv"
"273","cfr.csv"
"274","cgg.csv"
"275","cgi.csv"
"276","ch.csv"
"277","cha.csv"
"278","chd.csv"
"279","che.csv"
"280","chh.csv"
"281","chk.csv"
"282","chl.csv"
"283","chn.csv"
"284","chs.csv"
"285","cht.csv"
"286","chu.csv"
"287","ci.csv"
"288","cia.csv"
"289","cib.csv"
"290","cien.csv"
"291","cif.csv"
"292","cig.csv"
"293","cii.csv"
"294","cik.csv"
"295","cir.csv"
"296","cix.csv"
"297","ckx.csv"
"298","cl.csv"
"299","clb.csv"
"300","clf.csv"
"301","clgx.csv"
"302","clh.csv"
"303","cli.csv"
"304","clm.csv"
"305","cls.csv"
"306","clx.csv"
"307","cm.csv"
"308","cma.csv"
"309","cmc.csv"
"310","cmd.csv"
"311","cmi.csv"
"312","cmo.csv"
"313","cmp.csv"
"314","cms.csv"
"315","cmt.csv"
"316","cmu.csv"
"317","cna.csv"
"318","cnc.csv"
"319","cni.csv"
"320","cno.csv"
"321","cnp.csv"
"322","cnq.csv"
"323","cns.csv"
"324","cnx.csv"
"325","cof.csv"
"326","cog.csv"
"327","cohn.csv"
"328","col.csv"
"329","coo.csv"
"330","cop.csv"
"331","cot.csv"
"332","cp.csv"
"333","cpb.csv"
"334","cpe.csv"
"335","cpf.csv"
"336","cphi.csv"
"337","cpk.csv"
"338","cpl.csv"
"339","cpt.csv"
"340","cr.csv"
"341","crf.csv"
"342","crh.csv"
"343","cri.csv"
"344","crk.csv"
"345","crl.csv"
"346","crm.csv"
"347","crr.csv"
"348","crs.csv"
"349","crt.csv"
"350","crvp.csv"
"351","cry.csv"
"352","cs.csv"
"353","csl.csv"
"354","css.csv"
"355","csu.csv"
"356","csv.csv"
"357","ctb.csv"
"358","ctl.csv"
"359","cto.csv"
"360","cts.csv"
"361","cub.csv"
"362","cube.csv"
"363","cuk.csv"
"364","culp.csv"
"365","cuo.csv"
"366","cuz.csv"
"367","cva.csv"
"368","cvg.csv"
"369","cvm.csv"
"370","cvr.csv"
"371","cvs.csv"
"372","cvu.csv"
"373","cvx.csv"
"374","cw.csv"
"375","cwt.csv"
"376","cx.csv"
"377","cxe.csv"
"378","cxh.csv"
"379","cxw.csv"
"380","cyd.csv"
"381","cyh.csv"
"382","d.csv"
"383","dar.csv"
"384","db.csv"
"385","dbd.csv"
"386","dci.csv"
"387","dcm.csv"
"388","dco.csv"
"389","dde.csv"
"390","ddf.csv"
"391","ddr.csv"
"392","dds.csv"
"393","ddt.csv"
"394","de.csv"
"395","deck.csv"
"396","deo.csv"
"397","df.csv"
"398","dgse.csv"
"399","dgx.csv"
"400","dhf.csv"
"401","dhi.csv"
"402","dhr.csv"
"403","dhy.csv"
"404","din.csv"
"405","dis.csv"
"406","dit.csv"
"407","dks.csv"
"408","dla.csv"
"409","dlr.csv"
"410","dlx.csv"
"411","dmf.csv"
"412","dnb.csv"
"413","dni.csv"
"414","dnp.csv"
"415","dnr.csv"
"416","do.csv"
"417","dov.csv"
"418","dpw.csv"
"419","dpz.csv"
"420","drd.csv"
"421","dre.csv"
"422","dri.csv"
"423","drq.csv"
"424","ds.csv"
"425","dsm.csv"
"426","dss.csv"
"427","dst.csv"
"428","dsu.csv"
"429","dte.csv"
"430","dtf.csv"
"431","duc.csv"
"432","duk.csv"
"433","dva.csv"
"434","dvd.csv"
"435","dvn.csv"
"436","dx.csv"
"437","dxr.csv"
"438","dy.csv"
"439","e.csv"
"440","ead.csv"
"441","eat.csv"
"442","ebf.csv"
"443","eca.csv"
"444","ecf.csv"
"445","ecl.csv"
"446","ed.csv"
"447","ee.csv"
"448","eea.csv"
"449","eep.csv"
"450","eeq.csv"
"451","efr.csv"
"452","eft.csv"
"453","efx.csv"
"454","egn.csv"
"455","ego.csv"
"456","egp.csv"
"457","egy.csv"
"458","ehi.csv"
"459","eia.csv"
"460","eim.csv"
"461","eio.csv"
"462","eip.csv"
"463","eiv.csv"
"464","eix.csv"
"465","el.csv"
"466","elp.csv"
"467","els.csv"
"468","ely.csv"
"469","eman.csv"
"470","eme.csv"
"471","emf.csv"
"472","emi.csv"
"473","emj.csv"
"474","emn.csv"
"475","emr.csv"
"476","enb.csv"
"477","enlc.csv"
"478","enlk.csv"
"479","ens.csv"
"480","ensv.csv"
"481","enx.csv"
"482","enz.csv"
"483","eog.csv"
"484","eoi.csv"
"485","epc.csv"
"486","epd.csv"
"487","epm.csv"
"488","epr.csv"
"489","eqc.csv"
"490","eqr.csv"
"491","eqs.csv"
"492","eqt.csv"
"493","erc.csv"
"494","erf.csv"
"495","erh.csv"
"496","erj.csv"
"497","es.csv"
"498","ese.csv"
"499","esl.csv"
"500","esp.csv"
"501","ess.csv"
"502","este.csv"
"503","esv.csv"
"504","etg.csv"
"505","eth.csv"
"506","etm.csv"
"507","etn.csv"
"508","eto.csv"
"509","etp.csv"
"510","etr.csv"
"511","ev.csv"
"512","evbn.csv"
"513","evc.csv"
"514","evf.csv"
"515","evi.csv"
"516","evj.csv"
"517","evm.csv"
"518","evn.csv"
"519","evo.csv"
"520","evp.csv"
"521","evt.csv"
"522","evv.csv"
"523","evy.csv"
"524","ew.csv"
"525","exc.csv"
"526","exp.csv"
"527","exr.csv"
"528","f.csv"
"529","fac.csv"
"530","fam.csv"
"531","fax.csv"
"532","fbc.csv"
"533","fbp.csv"
"534","fbr.csv"
"535","fc.csv"
"536","fcf.csv"
"537","fcfs.csv"
"538","fcn.csv"
"539","fco.csv"
"540","fct.csv"
"541","fcx.csv"
"542","fdp.csv"
"543","fds.csv"
"544","fdx.csv"
"545","fe.csv"
"546","fen.csv"
"547","ffa.csv"
"548","ffc.csv"
"549","ffg.csv"
"550","fgp.csv"
"551","fhn.csv"
"552","fico.csv"
"553","fii.csv"
"554","fis.csv"
"555","fix.csv"
"556","fl.csv"
"557","flc.csv"
"558","flo.csv"
"559","flr.csv"
"560","fls.csv"
"561","fmc.csv"
"562","fmn.csv"
"563","fmo.csv"
"564","fms.csv"
"565","fmx.csv"
"566","fnb.csv"
"567","foe.csv"
"568","fr.csv"
"569","fra.csv"
"570","frd.csv"
"571","fro.csv"
"572","frt.csv"
"573","fsi.csv"
"574","fss.csv"
"575","ft.csv"
"576","ftf.csv"
"577","fti.csv"
"578","ful.csv"
"579","fun.csv"
"580","gab.csv"
"581","gam.csv"
"582","gatx.csv"
"583","gbl.csv"
"584","gbr.csv"
"585","gbx.csv"
"586","gch.csv"
"587","gci.csv"
"588","gco.csv"
"589","gcv.csv"
"590","gd.csv"
"591","gdv.csv"
"592","ge.csv"
"593","gef.csv"
"594","gel.csv"
"595","geo.csv"
"596","ges.csv"
"597","gf.csv"
"598","gff.csv"
"599","gfi.csv"
"600","gfy.csv"
"601","gg.csv"
"602","ggb.csv"
"603","ggg.csv"
"604","ggp.csv"
"605","ggt.csv"
"606","ghc.csv"
"607","ghl.csv"
"608","ghm.csv"
"609","gib.csv"
"610","gil.csv"
"611","gim.csv"
"612","gis.csv"
"613","gjh.csv"
"614","glow.csv"
"615","glt.csv"
"616","glu.csv"
"617","glv.csv"
"618","glw.csv"
"619","gme.csv"
"620","gnw.csv"
"621","gol.csv"
"622","gpc.csv"
"623","gpi.csv"
"624","gpk.csv"
"625","gpn.csv"
"626","gps.csv"
"627","gpt.csv"
"628","gpx.csv"
"629","gra.csv"
"630","grc.csv"
"631","grf.csv"
"632","grr.csv"
"633","gs.csv"
"634","gsb.csv"
"635","gsh.csv"
"636","gsk.csv"
"637","gss.csv"
"638","gtn.csv"
"639","gty.csv"
"640","gut.csv"
"641","gv.csv"
"642","gva.csv"
"643","gvp.csv"
"644","gwr.csv"
"645","gww.csv"
"646","gxp.csv"
"647","hae.csv"
"648","hal.csv"
"649","hcc.csv"
"650","hcp.csv"
"651","hd.csv"
"652","hdb.csv"
"653","he.csv"
"654","heb.csv"
"655","hei.csv"
"656","hep.csv"
"657","hes.csv"
"658","hfc.csv"
"659","hgt.csv"
"660","hhs.csv"
"661","hig.csv"
"662","hil.csv"
"663","hio.csv"
"664","hiw.csv"
"665","hix.csv"
"666","hk.csv"
"667","hl.csv"
"668","hlf.csv"
"669","hlx.csv"
"670","hmc.csv"
"671","hmg.csv"
"672","hmn.csv"
"673","hmy.csv"
"674","hni.csv"
"675","hnp.csv"
"676","hog.csv"
"677","hon.csv"
"678","hos.csv"
"679","hov.csv"
"680","hp.csv"
"681","hpf.csv"
"682","hpi.csv"
"683","hpq.csv"
"684","hps.csv"
"685","hqh.csv"
"686","hql.csv"
"687","hr.csv"
"688","hrb.csv"
"689","hrc.csv"
"690","hrg.csv"
"691","hrl.csv"
"692","hrs.csv"
"693","hsbc.csv"
"694","hsc.csv"
"695","hst.csv"
"696","hsy.csv"
"697","ht.csv"
"698","htd.csv"
"699","hth.csv"
"700","hum.csv"
"701","husa.csv"
"702","hvt.csv"
"703","hxl.csv"
"704","hyb.csv"
"705","hyt.csv"
"706","hzo.csv"
"707","iaf.csv"
"708","iag.csv"
"709","iba.csv"
"710","ibm.csv"
"711","ibn.csv"
"712","icb.csv"
"713","ida.csv"
"714","idn.csv"
"715","idt.csv"
"716","iec.csv"
"717","iex.csv"
"718","if.csv"
"719","iff.csv"
"720","ifn.csv"
"721","igr.csv"
"722","igt.csv"
"723","ihc.csv"
"724","ihg.csv"
"725","iht.csv"
"726","iif.csv"
"727","iim.csv"
"728","imax.csv"
"729","imh.csv"
"730","imo.csv"
"731","infy.csv"
"732","ing.csv"
"733","ingr.csv"
"734","ins.csv"
"735","insi.csv"
"736","int.csv"
"737","intt.csv"
"738","inuv.csv"
"739","io.csv"
"740","ip.csv"
"741","ipb.csv"
"742","ipg.csv"
"743","iqi.csv"
"744","ir.csv"
"745","iret.csv"
"746","irl.csv"
"747","irm.csv"
"748","irs.csv"
"749","isl.csv"
"750","it.csv"
"751","itg.csv"
"752","itgr.csv"
"753","itt.csv"
"754","itub.csv"
"755","itw.csv"
"756","ivc.csv"
"757","ivz.csv"
"758","ix.csv"
"759","jbl.csv"
"760","jci.csv"
"761","jcp.csv"
"762","jdd.csv"
"763","jec.csv"
"764","jeq.csv"
"765","jfr.csv"
"766","jhi.csv"
"767","jhs.csv"
"768","jhx.csv"
"769","jll.csv"
"770","jmm.csv"
"771","jnj.csv"
"772","jnpr.csv"
"773","job.csv"
"774","joe.csv"
"775","jof.csv"
"776","jpc.csv"
"777","jpm.csv"
"778","jps.csv"
"779","jqc.csv"
"780","jro.csv"
"781","jrs.csv"
"782","jta.csv"
"783","jwn.csv"
"784","k.csv"
"785","kai.csv"
"786","kamn.csv"
"787","kb.csv"
"788","kbh.csv"
"789","keg.csv"
"790","kem.csv"
"791","kep.csv"
"792","kex.csv"
"793","key.csv"
"794","kf.csv"
"795","kfs.csv"
"796","kfy.csv"
"797","kgc.csv"
"798","kim.csv"
"799","kmb.csv"
"800","kmg.csv"
"801","kmm.csv"
"802","kmpr.csv"
"803","kmt.csv"
"804","kmx.csv"
"805","knd.csv"
"806","knl.csv"
"807","knx.csv"
"808","ko.csv"
"809","kof.csv"
"810","kr.csv"
"811","krc.csv"
"812","krg.csv"
"813","kro.csv"
"814","ksm.csv"
"815","kss.csv"
"816","kst.csv"
"817","ksu.csv"
"818","kt.csv"
"819","ktf.csv"
"820","kth.csv"
"821","ktn.csv"
"822","ktp.csv"
"823","kwr.csv"
"824","kyn.csv"
"825","kyo.csv"
"826","l.csv"
"827","lad.csv"
"828","laq.csv"
"829","lb.csv"
"830","lby.csv"
"831","lci.csv"
"832","lcii.csv"
"833","ldf.csv"
"834","ldl.csv"
"835","lee.csv"
"836","leg.csv"
"837","len.csv"
"838","leo.csv"
"839","leu.csv"
"840","lfc.csv"
"841","lgi.csv"
"842","lgl.csv"
"843","lh.csv"
"844","lho.csv"
"845","lii.csv"
"846","lll.csv"
"847","lly.csv"
"848","lm.csv"
"849","lmt.csv"
"850","lnc.csv"
"851","lng.csv"
"852","lnn.csv"
"853","lnt.csv"
"854","lode.csv"
"855","low.csv"
"856","lpl.csv"
"857","lpt.csv"
"858","lpx.csv"
"859","lsi.csv"
"860","ltc.csv"
"861","ltm.csv"
"862","lts.csv"
"863","lub.csv"
"864","luk.csv"
"865","luv.csv"
"866","lvs.csv"
"867","lxp.csv"
"868","lxu.csv"
"869","lyg.csv"
"870","lzb.csv"
"871","m.csv"
"872","maa.csv"
"873","mab.csv"
"874","mac.csv"
"875","mag.csv"
"876","man.csv"
"877","mas.csv"
"878","matx.csv"
"879","mav.csv"
"880","mbi.csv"
"881","mbt.csv"
"882","mca.csv"
"883","mcd.csv"
"884","mcf.csv"
"885","mci.csv"
"886","mck.csv"
"887","mcn.csv"
"888","mco.csv"
"889","mcr.csv"
"890","mcs.csv"
"891","mcy.csv"
"892","md.csv"
"893","mdc.csv"
"894","mdp.csv"
"895","mdr.csv"
"896","mdt.csv"
"897","mdu.csv"
"898","med.csv"
"899","mei.csv"
"900","men.csv"
"901","met.csv"
"902","mfa.csv"
"903","mfc.csv"
"904","mfcb.csv"
"905","mfd.csv"
"906","mfl.csv"
"907","mfm.csv"
"908","mft.csv"
"909","mfv.csv"
"910","mga.csv"
"911","mgf.csv"
"912","mgm.csv"
"913","mhd.csv"
"914","mhe.csv"
"915","mhf.csv"
"916","mhi.csv"
"917","mhk.csv"
"918","mhn.csv"
"919","mho.csv"
"920","mic.csv"
"921","min.csv"
"922","miw.csv"
"923","miy.csv"
"924","mkc.csv"
"925","mkl.csv"
"926","mli.csv"
"927","mlm.csv"
"928","mlp.csv"
"929","mlr.csv"
"930","mlss.csv"
"931","mmc.csv"
"932","mmp.csv"
"933","mms.csv"
"934","mmt.csv"
"935","mmu.csv"
"936","mmv.csv"
"937","mne.csv"
"938","mni.csv"
"939","mnp.csv"
"940","mnr.csv"
"941","mo.csv"
"942","moc.csv"
"943","mod.csv"
"944","moh.csv"
"945","mon.csv"
"946","mos.csv"
"947","mov.csv"
"948","mpa.csv"
"949","mpv.csv"
"950","mpx.csv"
"951","mqt.csv"
"952","mqy.csv"
"953","mrk.csv"
"954","mro.csv"
"955","ms.csv"
"956","msa.csv"
"957","msb.csv"
"958","msd.csv"
"959","msf.csv"
"960","msi.csv"
"961","msl.csv"
"962","msm.csv"
"963","msn.csv"
"964","mt.csv"
"965","mtb.csv"
"966","mtd.csv"
"967","mtg.csv"
"968","mth.csv"
"969","mtl.csv"
"970","mtn.csv"
"971","mtor.csv"
"972","mtr.csv"
"973","mtrn.csv"
"974","mtu.csv"
"975","mtw.csv"
"976","mtx.csv"
"977","mtz.csv"
"978","mua.csv"
"979","muc.csv"
"980","mue.csv"
"981","muh.csv"
"982","mui.csv"
"983","muj.csv"
"984","mur.csv"
"985","mus.csv"
"986","mux.csv"
"987","mvc.csv"
"988","mvf.csv"
"989","mvt.csv"
"990","mxc.csv"
"991","mxe.csv"
"992","mxf.csv"
"993","myc.csv"
"994","myd.csv"
"995","mye.csv"
"996","myf.csv"
"997","myi.csv"
"998","myj.csv"
"999","myn.csv"
"1000","mza.csv"
"1001","mzf.csv"
"1002","nac.csv"
"1003","nad.csv"
"1004","nak.csv"
"1005","nan.csv"
"1006","nat.csv"
"1007","nav.csv"
"1008","navb.csv"
"1009","naz.csv"
"1010","nbh.csv"
"1011","nbl.csv"
"1012","nbo.csv"
"1013","nbr.csv"
"1014","nbw.csv"
"1015","nc.csv"
"1016","nca.csv"
"1017","nci.csv"
"1018","ncr.csv"
"1019","ncs.csv"
"1020","ncv.csv"
"1021","ncz.csv"
"1022","ne.csv"
"1023","nea.csv"
"1024","nee.csv"
"1025","nem.csv"
"1026","nen.csv"
"1027","neu.csv"
"1028","nfg.csv"
"1029","nfx.csv"
"1030","ng.csv"
"1031","ngd.csv"
"1032","ngg.csv"
"1033","ngs.csv"
"1034","nhc.csv"
"1035","nhi.csv"
"1036","nhs.csv"
"1037","ni.csv"
"1038","nim.csv"
"1039","njr.csv"
"1040","nke.csv"
"1041","nkg.csv"
"1042","nkx.csv"
"1043","nl.csv"
"1044","nls.csv"
"1045","nly.csv"
"1046","nmi.csv"
"1047","nmr.csv"
"1048","nmt.csv"
"1049","nmy.csv"
"1050","nmz.csv"
"1051","nnc.csv"
"1052","nni.csv"
"1053","nnn.csv"
"1054","nny.csv"
"1055","noc.csv"
"1056","nok.csv"
"1057","nom.csv"
"1058","nov.csv"
"1059","np.csv"
"1060","npk.csv"
"1061","npo.csv"
"1062","npv.csv"
"1063","nqp.csv"
"1064","nr.csv"
"1065","nrg.csv"
"1066","nrk.csv"
"1067","nro.csv"
"1068","nrp.csv"
"1069","nrt.csv"
"1070","ns.csv"
"1071","nsc.csv"
"1072","nsl.csv"
"1073","nsp.csv"
"1074","nsu.csv"
"1075","ntc.csv"
"1076","ntip.csv"
"1077","ntn.csv"
"1078","ntp.csv"
"1079","ntx.csv"
"1080","ntz.csv"
"1081","nue.csv"
"1082","num.csv"
"1083","nuo.csv"
"1084","nus.csv"
"1085","nuv.csv"
"1086","nvg.csv"
"1087","nvo.csv"
"1088","nvr.csv"
"1089","nvs.csv"
"1090","nwl.csv"
"1091","nwn.csv"
"1092","nwy.csv"
"1093","nx.csv"
"1094","nxc.csv"
"1095","nxj.csv"
"1096","nxn.csv"
"1097","nxp.csv"
"1098","nxq.csv"
"1099","nxr.csv"
"1100","nycb.csv"
"1101","nyh.csv"
"1102","nyt.csv"
"1103","nzf.csv"
"1104","o.csv"
"1105","oa.csv"
"1106","ocn.csv"
"1107","odc.csv"
"1108","ofc.csv"
"1109","ofg.csv"
"1110","oge.csv"
"1111","ogen.csv"
"1112","ohi.csv"
"1113","oi.csv"
"1114","oia.csv"
"1115","oii.csv"
"1116","ois.csv"
"1117","oke.csv"
"1118","oln.csv"
"1119","olp.csv"
"1120","omc.csv"
"1121","omi.csv"
"1122","omn.csv"
"1123","opy.csv"
"1124","ora.csv"
"1125","oran.csv"
"1126","orcl.csv"
"1127","ori.csv"
"1128","osk.csv"
"1129","oxm.csv"
"1130","oxy.csv"
"1131","paa.csv"
"1132","pag.csv"
"1133","pai.csv"
"1134","par.csv"
"1135","pb.csv"
"1136","pbi.csv"
"1137","pbr.csv"
"1138","pbt.csv"
"1139","pcf.csv"
"1140","pcg.csv"
"1141","pck.csv"
"1142","pcm.csv"
"1143","pcn.csv"
"1144","pcq.csv"
"1145","pds.csv"
"1146","pdt.csv"
"1147","ped.csv"
"1148","peg.csv"
"1149","pei.csv"
"1150","peo.csv"
"1151","pes.csv"
"1152","pfd.csv"
"1153","pfe.csv"
"1154","pfh.csv"
"1155","pfl.csv"
"1156","pfn.csv"
"1157","pfo.csv"
"1158","pfs.csv"
"1159","pg.csv"
"1160","pgh.csv"
"1161","pgr.csv"
"1162","ph.csv"
"1163","phd.csv"
"1164","phg.csv"
"1165","phi.csv"
"1166","phk.csv"
"1167","phm.csv"
"1168","pht.csv"
"1169","phx.csv"
"1170","pii.csv"
"1171","pim.csv"
"1172","pir.csv"
"1173","piy.csv"
"1174","pjc.csv"
"1175","pkd.csv"
"1176","pke.csv"
"1177","pkg.csv"
"1178","pki.csv"
"1179","pkx.csv"
"1180","pld.csv"
"1181","plg.csv"
"1182","plm.csv"
"1183","plt.csv"
"1184","plx.csv"
"1185","pmf.csv"
"1186","pml.csv"
"1187","pmm.csv"
"1188","pmo.csv"
"1189","pmx.csv"
"1190","pnc.csv"
"1191","pnf.csv"
"1192","pni.csv"
"1193","pnm.csv"
"1194","pnr.csv"
"1195","pnw.csv"
"1196","pol.csv"
"1197","ppg.csv"
"1198","ppl.csv"
"1199","ppr.csv"
"1200","ppt.csv"
"1201","pq.csv"
"1202","pra.csv"
"1203","prgo.csv"
"1204","prk.csv"
"1205","pru.csv"
"1206","psa.csv"
"1207","psb.csv"
"1208","pso.csv"
"1209","ptn.csv"
"1210","ptr.csv"
"1211","pty.csv"
"1212","puk.csv"
"1213","pvh.csv"
"1214","pw.csv"
"1215","pwr.csv"
"1216","px.csv"
"1217","pxd.csv"
"1218","pyn.csv"
"1219","pyt.csv"
"1220","pzc.csv"
"1221","pze.csv"
"1222","qgen.csv"
"1223","qtm.csv"
"1224","r.csv"
"1225","rad.csv"
"1226","ras.csv"
"1227","rba.csv"
"1228","rbc.csv"
"1229","rcg.csv"
"1230","rci.csv"
"1231","rcl.csv"
"1232","rcs.csv"
"1233","rdc.csv"
"1234","rdn.csv"
"1235","rdy.csv"
"1236","re.csv"
"1237","reg.csv"
"1238","relx.csv"
"1239","renx.csv"
"1240","res.csv"
"1241","rev.csv"
"1242","rex.csv"
"1243","rf.csv"
"1244","rfi.csv"
"1245","rgr.csv"
"1246","rgs.csv"
"1247","rhi.csv"
"1248","rhp.csv"
"1249","rht.csv"
"1250","rig.csv"
"1251","rio.csv"
"1252","rjf.csv"
"1253","rl.csv"
"1254","rlh.csv"
"1255","rli.csv"
"1256","rmd.csv"
"1257","rmt.csv"
"1258","rnp.csv"
"1259","rnr.csv"
"1260","rog.csv"
"1261","rok.csv"
"1262","rol.csv"
"1263","rop.csv"
"1264","rpm.csv"
"1265","rpt.csv"
"1266","rqi.csv"
"1267","rrc.csv"
"1268","rrd.csv"
"1269","rs.csv"
"1270","rsg.csv"
"1271","rtec.csv"
"1272","rtn.csv"
"1273","rvp.csv"
"1274","rvt.csv"
"1275","rwc.csv"
"1276","rwt.csv"
"1277","ry.csv"
"1278","ryn.csv"
"1279","s.csv"
"1280","sa.csv"
"1281","sah.csv"
"1282","sam.csv"
"1283","san.csv"
"1284","sap.csv"
"1285","sbi.csv"
"1286","sbr.csv"
"1287","sbs.csv"
"1288","scco.csv"
"1289","scd.csv"
"1290","scg.csv"
"1291","schw.csv"
"1292","sci.csv"
"1293","scl.csv"
"1294","scs.csv"
"1295","scx.csv"
"1296","seb.csv"
"1297","see.csv"
"1298","sf.csv"
"1299","sfe.csv"
"1300","sfl.csv"
"1301","sga.csv"
"1302","sgf.csv"
"1303","sgu.csv"
"1304","sgy.csv"
"1305","shg.csv"
"1306","shi.csv"
"1307","sho.csv"
"1308","shw.csv"
"1309","sid.csv"
"1310","sif.csv"
"1311","sig.csv"
"1312","sim.csv"
"1313","sji.csv"
"1314","sjm.csv"
"1315","sjr.csv"
"1316","sjt.csv"
"1317","sjw.csv"
"1318","skm.csv"
"1319","skt.csv"
"1320","skx.csv"
"1321","sky.csv"
"1322","slb.csv"
"1323","slf.csv"
"1324","slg.csv"
"1325","sm.csv"
"1326","smg.csv"
"1327","smi.csv"
"1328","smp.csv"
"1329","sna.csv"
"1330","sne.csv"
"1331","snn.csv"
"1332","snp.csv"
"1333","snv.csv"
"1334","snx.csv"
"1335","sny.csv"
"1336","so.csv"
"1337","son.csv"
"1338","sor.csv"
"1339","spa.csv"
"1340","spe.csv"
"1341","spg.csv"
"1342","spgi.csv"
"1343","sph.csv"
"1344","spn.csv"
"1345","spxc.csv"
"1346","spy.csv"
"1347","sqm.csv"
"1348","sr.csv"
"1349","sre.csv"
"1350","sri.csv"
"1351","srt.csv"
"1352","ssd.csv"
"1353","ssi.csv"
"1354","ssl.csv"
"1355","ssp.csv"
"1356","ssy.csv"
"1357","star.csv"
"1358","stc.csv"
"1359","ste.csv"
"1360","sti.csv"
"1361","stl.csv"
"1362","stm.csv"
"1363","sto.csv"
"1364","ston.csv"
"1365","stt.csv"
"1366","stz.csv"
"1367","su.csv"
"1368","sui.csv"
"1369","sup.csv"
"1370","svt.csv"
"1371","svu.csv"
"1372","swk.csv"
"1373","swm.csv"
"1374","swn.csv"
"1375","swx.csv"
"1376","swz.csv"
"1377","sxi.csv"
"1378","sxt.csv"
"1379","syk.csv"
"1380","syx.csv"
"1381","syy.csv"
"1382","t.csv"
"1383","tac.csv"
"1384","tap.csv"
"1385","taro.csv"
"1386","tbi.csv"
"1387","tcf.csv"
"1388","tci.csv"
"1389","tco.csv"
"1390","tcp.csv"
"1391","td.csv"
"1392","tdf.csv"
"1393","tds.csv"
"1394","tdw.csv"
"1395","tdy.csv"
"1396","teck.csv"
"1397","tef.csv"
"1398","tei.csv"
"1399","ten.csv"
"1400","teo.csv"
"1401","ter.csv"
"1402","teum.csv"
"1403","teva.csv"
"1404","tex.csv"
"1405","tfx.csv"
"1406","tg.csv"
"1407","tgb.csv"
"1408","tgc.csv"
"1409","tgi.csv"
"1410","tgna.csv"
"1411","tgs.csv"
"1412","tgt.csv"
"1413","thc.csv"
"1414","thg.csv"
"1415","tho.csv"
"1416","ti.csv"
"1417","tif.csv"
"1418","tik.csv"
"1419","tisi.csv"
"1420","tjx.csv"
"1421","tk.csv"
"1422","tkc.csv"
"1423","tkr.csv"
"1424","tli.csv"
"1425","tlk.csv"
"1426","tm.csv"
"1427","tmk.csv"
"1428","tmo.csv"
"1429","tmp.csv"
"1430","tnc.csv"
"1431","tnh.csv"
"1432","tnp.csv"
"1433","tol.csv"
"1434","tot.csv"
"1435","tpc.csv"
"1436","tpl.csv"
"1437","tpr.csv"
"1438","tpx.csv"
"1439","tr.csv"
"1440","trc.csv"
"1441","trex.csv"
"1442","tri.csv"
"1443","trk.csv"
"1444","trn.csv"
"1445","trp.csv"
"1446","trq.csv"
"1447","trt.csv"
"1448","trv.csv"
"1449","trxc.csv"
"1450","ts.csv"
"1451","tsi.csv"
"1452","tsm.csv"
"1453","tsn.csv"
"1454","tss.csv"
"1455","tsu.csv"
"1456","ttc.csv"
"1457","tti.csv"
"1458","ttm.csv"
"1459","tu.csv"
"1460","tup.csv"
"1461","tv.csv"
"1462","tvc.csv"
"1463","tve.csv"
"1464","twi.csv"
"1465","twn.csv"
"1466","twx.csv"
"1467","txt.csv"
"1468","ty.csv"
"1469","tyg.csv"
"1470","tyl.csv"
"1471","uamy.csv"
"1472","uba.csv"
"1473","ubp.csv"
"1474","udr.csv"
"1475","ufi.csv"
"1476","ufs.csv"
"1477","ugi.csv"
"1478","ugp.csv"
"1479","uhs.csv"
"1480","uht.csv"
"1481","uis.csv"
"1482","ul.csv"
"1483","umc.csv"
"1484","umh.csv"
"1485","un.csv"
"1486","unf.csv"
"1487","unh.csv"
"1488","unm.csv"
"1489","unp.csv"
"1490","unt.csv"
"1491","ups.csv"
"1492","uqm.csv"
"1493","uri.csv"
"1494","usa.csv"
"1495","usb.csv"
"1496","usg.csv"
"1497","usm.csv"
"1498","usna.csv"
"1499","usph.csv"
"1500","utf.csv"
"1501","utg.csv"
"1502","uti.csv"
"1503","utl.csv"
"1504","utx.csv"
"1505","uuu.csv"
"1506","uve.csv"
"1507","uvv.csv"
"1508","uwn.csv"
"1509","vale.csv"
"1510","var.csv"
"1511","vbf.csv"
"1512","vcf.csv"
"1513","vco.csv"
"1514","vcv.csv"
"1515","vfc.csv"
"1516","vfl.csv"
"1517","vgm.csv"
"1518","vgr.csv"
"1519","vgz.csv"
"1520","vhc.csv"
"1521","vhi.csv"
"1522","vii.csv"
"1523","visi.csv"
"1524","viv.csv"
"1525","vki.csv"
"1526","vkq.csv"
"1527","vlo.csv"
"1528","vlt.csv"
"1529","vly.csv"
"1530","vmc.csv"
"1531","vmi.csv"
"1532","vmm.csv"
"1533","vmo.csv"
"1534","vno.csv"
"1535","vpv.csv"
"1536","vrx.csv"
"1537","vsh.csv"
"1538","vtn.csv"
"1539","vtr.csv"
"1540","vvc.csv"
"1541","vvi.csv"
"1542","vvr.csv"
"1543","vz.csv"
"1544","wab.csv"
"1545","wat.csv"
"1546","wbk.csv"
"1547","wbs.csv"
"1548","wcc.csv"
"1549","wcg.csv"
"1550","wcn.csv"
"1551","wdr.csv"
"1552","wea.csv"
"1553","wec.csv"
"1554","wf.csv"
"1555","wfc.csv"
"1556","wft.csv"
"1557","wg.csv"
"1558","wgl.csv"
"1559","wgo.csv"
"1560","whg.csv"
"1561","whr.csv"
"1562","wia.csv"
"1563","wit.csv"
"1564","wiw.csv"
"1565","wlk.csv"
"1566","wll.csv"
"1567","wm.csv"
"1568","wmb.csv"
"1569","wmk.csv"
"1570","wmt.csv"
"1571","wnc.csv"
"1572","wor.csv"
"1573","wpc.csv"
"1574","wpp.csv"
"1575","wr.csv"
"1576","wrb.csv"
"1577","wre.csv"
"1578","wri.csv"
"1579","wsm.csv"
"1580","wso.csv"
"1581","wst.csv"
"1582","wtm.csv"
"1583","wtr.csv"
"1584","wts.csv"
"1585","wtt.csv"
"1586","wtw.csv"
"1587","wwe.csv"
"1588","www.csv"
"1589","wy.csv"
"1590","wyy.csv"
"1591","x.csv"
"1592","xec.csv"
"1593","xl.csv"
"1594","xom.csv"
"1595","xoxo.csv"
"1596","xpo.csv"
"1597","xrx.csv"
"1598","y.csv"
"1599","ypf.csv"
"1600","yum.csv"
"1601","yuma.csv"
"1602","zbh.csv"
"1603","zf.csv"
"1604","znh.csv"
"1605","ztr.csv"
